{
  "train_loss": [
    2.888122710314664,
    2.869459195570512,
    2.8177995681762695,
    2.7681057453155518,
    2.6887591752139004,
    2.5833057273517954,
    2.529347549785267,
    2.3961279825730757,
    2.310963175513528,
    2.1393359899520874,
    2.1196702501990576,
    1.9853206981312146,
    2.0126812024550005,
    1.844061168757352,
    1.6617486802014438,
    1.7178585095839067,
    1.6300665790384465,
    1.8097942200574009,
    1.521421042355624,
    1.5488941344347866,
    1.796739773316817,
    1.5927203243429011,
    1.4892534776167436,
    1.3460798371921887,
    1.5470024672421543,
    1.5455411022359675,
    1.2904996004971592,
    1.3693609671159224,
    1.2754731395027854,
    1.4081181721253828,
    1.2442463582212275,
    1.3953545527024702,
    1.1551626378839666,
    1.2041540579362349,
    1.1541687737811694,
    1.1163736473430286,
    1.1344816576350818,
    1.2341826503927058,
    1.4035806384953586,
    1.2483083063905889,
    1.1329072226177563,
    1.1893794590776616,
    1.2102523554455151,
    1.2785909230058843
  ],
  "train_acc": [
    7.9740496521646325,
    9.72171886400743,
    15.802190791476857,
    22.503606433218177,
    26.02554613893682,
    30.40098561481996,
    32.04891641031612,
    39.04088627208363,
    45.204854824326254,
    49.408406290141016,
    50.90939808975566,
    54.03747314756567,
    53.17368453199213,
    62.33240149237893,
    69.94625329971313,
    64.00031230666421,
    66.88051684336229,
    57.75795985351909,
    71.68058807199651,
    70.83916826681657,
    60.09388240900907,
    66.02117202498697,
    74.40018680962649,
    78.87097570029172,
    70.53868635134263,
    71.09450914643027,
    82.3674272407185,
    79.09591360525651,
    79.46200208230452,
    77.93194245208393,
    82.44109912352128,
    72.2367443821647,
    84.95499166575345,
    83.49081413312392,
    84.95466817509045,
    86.42429167574102,
    87.11219429969788,
    81.42573508349332,
    76.8143586137078,
    82.87622657689181,
    86.40131896192378,
    84.49260809204794,
    86.12975586544384,
    80.18283654342999
  ],
  "val_loss": [
    2.88703852891922,
    2.8775983452796936,
    2.848665714263916,
    2.7713502645492554,
    2.6406248807907104,
    2.495665431022644,
    2.3465190529823303,
    2.246233105659485,
    2.078615725040436,
    2.032968908548355,
    1.9681637287139893,
    1.8273240625858307,
    1.8120599389076233,
    1.657789260149002,
    1.7500942647457123,
    1.4968842267990112,
    1.5795391201972961,
    1.3925388753414154,
    1.4646535217761993,
    1.2464738488197327,
    1.6232625544071198,
    1.2503453195095062,
    1.4423005878925323,
    1.1608489453792572,
    1.1166509687900543,
    1.0962880551815033,
    1.151433914899826,
    0.9939292222261429,
    0.923692911863327,
    1.0377946496009827,
    0.9879420846700668,
    0.9675800055265427,
    0.9731053560972214,
    0.9264849275350571,
    0.9552952796220779,
    0.9262491315603256,
    0.9154540002346039,
    0.969896674156189,
    0.8679820150136948,
    0.9594744592905045,
    0.9720128327608109,
    0.9277100563049316,
    0.8851225972175598,
    0.917841374874115
  ],
  "val_acc": [
    10.091743119266056,
    16.513761467889907,
    22.93577981651376,
    29.357798165137616,
    25.68807339449541,
    37.61467889908257,
    52.293577981651374,
    51.37614678899082,
    54.12844036697248,
    54.12844036697248,
    55.96330275229358,
    53.211009174311926,
    47.706422018348626,
    69.72477064220183,
    56.88073394495413,
    80.73394495412845,
    63.30275229357798,
    70.64220183486239,
    69.72477064220183,
    86.23853211009174,
    62.38532110091743,
    83.4862385321101,
    65.13761467889908,
    88.07339449541284,
    90.8256880733945,
    82.56880733944953,
    87.1559633027523,
    94.4954128440367,
    96.3302752293578,
    90.8256880733945,
    92.66055045871559,
    89.90825688073394,
    90.8256880733945,
    93.57798165137615,
    89.90825688073394,
    93.57798165137615,
    93.57798165137615,
    90.8256880733945,
    95.41284403669725,
    92.66055045871559,
    91.74311926605505,
    93.57798165137615,
    93.57798165137615,
    91.74311926605505
  ],
  "lr": [
    6.392227838598853e-05,
    0.00013330463269738406,
    0.00024123129628871823,
    0.00037694455377789587,
    0.0005269170288052273,
    0.0006762000409630484,
    0.0008099136328549492,
    0.0009147297471091444,
    0.000980200715956774,
    0.0009999974825128455,
    0.0009996375253501413,
    0.0009986688392627503,
    0.0009970926044454561,
    0.0009949107412975827,
    0.0009921259080832856,
    0.0009887414976928657,
    0.0009847616335090553,
    0.0009801911643833117,
    0.0009750356587282371,
    0.000969301397733328,
    0.0009629953677123112,
    0.0009561252515913982,
    0.0009486994195488217,
    0.000940726918817064,
    0.0009322174626601972,
    0.000923181418539767,
    0.0009136297954836385,
    0.0009035742306731907,
    0.0008930269752652042,
    0.0008820008794657133,
    0.0008705093768740101,
    0.0008585664681158721,
    0.0008461867037859572,
    0.0008333851667201447,
    0.0008201774536194238,
    0.0008065796560477155,
    0.0007926083408267807,
    0.0007782805298521,
    0.0007636136793543159,
    0.0007486256586315052,
    0.0007333347282781903,
    0.0007177595179376202,
    0.0007019190036044173,
    0.0006858324845052523
  ]
}